{"cameraMode":{"drawMode":0,"name":"Shaded","section":"Shading Mode"},"sceneLighting":true,"audioPlay":false,"sceneViewState":{"m_AlwaysRefresh":false,"showFog":true,"showSkybox":true,"showFlares":true,"showImageEffects":true,"showParticleSystems":true,"showVisualEffectGraphs":true,"m_FxEnabled":true},"in2DMode":false,"pivot":{"x":481.0680236816406,"y":96.75977325439453,"z":-658.8446044921875},"rotation":{"x":0.09256570786237717,"y":-0.016508808359503747,"z":-0.0014783028746023775,"w":-0.9957615733146668},"size":11.296585083007813,"orthographic":false}