{"cameraMode":{"drawMode":0,"name":"Shaded","section":"Shading Mode"},"sceneLighting":true,"audioPlay":false,"sceneViewState":{"m_AlwaysRefresh":false,"showFog":true,"showSkybox":true,"showFlares":true,"showImageEffects":true,"showParticleSystems":true,"showVisualEffectGraphs":true,"m_FxEnabled":true},"in2DMode":false,"pivot":{"x":444.5240783691406,"y":87.90279388427735,"z":-693.0174560546875},"rotation":{"x":0.13562895357608796,"y":0.04895103722810745,"z":0.00677146203815937,"w":-0.9897207617759705},"size":11.296585083007813,"orthographic":false}