{"cameraMode":{"drawMode":0,"name":"Shaded","section":"Shading Mode"},"sceneLighting":true,"audioPlay":false,"sceneViewState":{"m_AlwaysRefresh":false,"showFog":true,"showSkybox":true,"showFlares":true,"showImageEffects":true,"showParticleSystems":true,"showVisualEffectGraphs":true,"m_FxEnabled":true},"in2DMode":false,"pivot":{"x":7.284541130065918,"y":2.4356722831726076,"z":-2.0721561908721926},"rotation":{"x":0.0016473287250846625,"y":0.8314810991287231,"z":0.002136288909241557,"w":-0.5557904839515686},"size":9.472879409790039,"orthographic":false}